protein_name,sequence,length
"JAO04154.1 VIT, partial [Poeciliopsis prolifica]",RGLLLCCLVALATSQNQRYDMTLNHRKTYEYKYEGEVKFGLGKYDMAESGVRITCKATISGLSEHSFLLEVSEMAFAEYNGFEGNTDYKISPKVTKRLASELADPFQFEYINGHITLITGPARASTTAVNIIRGVLNFFQLTVKTTQTIYELKEIGIHGKCQSNYDIHENEETKDWLLTKVVDVTNCKDKAVMHRGMATAPVERLAKERGESVISNMKYNYTIKPTAEGGVITRAHGFEQQHFSAFNVKDGKFKMEAMNNLMLLRIDNTARGRTHGPLVNKGNIIHKFEDVDINFPMMMQNLNNPVPKAIELVKRLSDLNRASIDNATTEDSMKLYHLLRVIPNEGLENMWKELAGNPTYRSWFLDSIVEIADVKVLNFIETRFKANDLTHFEALQTILMAFHHLQVTPQLLEITKVFLKLPFSKSDPYLWRTVVLSYGSLANKYCVYTMPCLVTAVQPLMEMATEALRSGNKEEMVIALKALGNAGHPGSMKTIMRFLPGVSVTPLDLPLRVQSAAVQAMRLMVTRDPHSVR,533
"AAA63473.1 albumin, partial [Aquarana catesbeiana]",KCRIIREFPDIVFKGLTLVQVSQKFGKAGFEDVKKVTEEIVHLNEDCCKGDAVECMMERMEATDHICEAKDKLSSKLADCCAKSILERTPCLLALPNDESDLSKELKNYYEDERVCENYKKDKLLFLAHFTHDYARSHQESSPQSCLRVSKGFEGLLEKCCASENHAECLKQAPILLEAALKEIEELRKQNCGALQLLGFRDYNIQLLFRYFFKMPQVTAPTLVELAGRMTKVAVYCCGLAENKQQTCAEEKLDILLGEMCEKEKHTFVNDNVRHCCVDSYANRRKCFTDLQRYPNYVAPKWDESKLHFNEDLCKGSEDDQIKKKLEVLVEYMKMKPDCGPEKLKEVVEAFRKIDIKCCAAEDHQKCFDDEKAGLLQIIEAH,382
NP_001009961.1 albumin precursor [Felis catus],MKWVTFISLLLLFSSAYSRGVTRREAHQSEIAHRFNDLGEEHFRGLVLVAFSQYLQQCPFEDHVKLVNEVTEFAKGCVADQSAANCEKSLHELLGDKLCTVASLRDKYGEMADCCEKKEPERNECFLQHKDDNPGFGQLVTPEADAMCTAFHENEQRFLGKYLYEIARRHPYFYAPELLYYAEEYKGVFTECCEAADKAACLTPKVDALREKVLASSAKERLKCASLQKFGERAFKAWSVARLSQKFPKAEFAEISKLVTDLAKIHKECCHGDLLECADDRADLAKYICENQDSISTKLKECCGKPVLEKSHCISEVERDELPADLPPLAVDFVEDKEVCKNYQEAKDVFLGTFLYEYSRRHPEYSVSLLLRLAKEYEATLEKCCATDDPPACYAHVFDEFKPLVEEPHNLVKTNCELFEKLGEYGFQNALLVRYTKKVPQVSTPTLVEVSRSLGKVGSKCCTHPEAERLSCAEDYLSVVLNRLCVLHEKTPVSERVTKCCTESLVNRRPCFSALQVDETYVPKEFSAETFTFHADLCTLPEAEKQIKKQSALVELLKHKPKATEEQLKTVMGDFGSFVDKCCAAEDKEACFAEEGPKLVAAAQAALA,608
NP_001191615.1 insulin precursor [Aplysia californica],MSKFLLQSHSANACLLTLLLTLASNLDISLANFEHSCNGYMRPHPRGLCGEDLHVIISNLCSSLGGNRRFLAKYMVKRDTENVNDKLRGILLNKKEAFSYLTKREASGSITCECCFNQCRIFELAQYCRLPDHFFSRISRTGRSNSGHAQLEDNFS,156
"NP_001246051.1 myosin heavy chain, isoform U [Drosophila melanogaster]",MPKPVANQEDEDPTPYLFVSLEQRRIDQSKPYDSKKSCWIPDEKEGYLLGEIKATKGDIVSVGLQGGETRDLKKDLLQQVNPPKYEKAEDMSNLTYLNDASVLHNLRQRYYNKLIYTYSGLFCVAINPYKRYPVYTNRCAKMYRGKRRNEVPPHIFAISDGAYVDMLTNHVNQSMLITGESGAGKTENTKKVIAYFATVGASKKTDEAAKSKGSLEDQVVQTNPVLEAFGNAKTVRNDNSSRFGKFIRIHFGPTGKLAGADIETYLLEKARVISQQSLERSYHIFYQIMSGSVPGVKDICLLTDNIYDYHIVSQGKVTVASIDDAEEFSLTDQAFDILGFTKQEKEDVYRITAAVMHMGGMKFKQRGREEQAEQDGEEEGGRVSKLFGCDTAELYKNLLKPRIKVGNEFVTQGRNVQQVTNSIGALCKGVFDRLFKWLVKKCNETLDTQQKRQHFIGVLDIAGFEIFEYNGFEQLCINFTNEKLQQFFNHHMFVLEQEEYKREGIDWAFIDFGMDLLACIDLIEKPMGILSILEEESMFPKATDQTFSEKLTNTHLGKSAPFQKPKPPKPGQQAAHFAIAHYAGCVSYNITGWLEKNKDPLNDTVVDQFKKSQNKLLIEIFADHAGQSGGGEQAKGGRGKKGGGFATVSSAYKEQLNSLMTTLRSTQPHFVRCIIPNEMKQPGVVDAHLVMHQLTCNGVLEGIRICRKGFPNRMMYPDFKMRYQILNPKGIKGIEDPKKCTKVLIESTELNDDQYRLGNTKVFFRAGVLGQMEEFRDERLGKIMSWMQAWARGYLSRKGFKKLQEQRVALKVVQRNLRKYLQLRTWPWYKLWQKVKPLLNVSRIEDEIARLEEKAKKAEELHAAEVKVRKELEALNAKLLAEKTALLDSLSGEKGALQDYQERNAKLTAQKNDLENQLRDIQERLTQEEDARNQLFQQKKKADQEISGLKKDIEDLELNVQKAEQDKATKDHQIRNLNDEIAHQDELINKLNKEKKMQGETNQKTGEELQAAEDKINHLNKVKAKLEQTLDELEDSLEREKKVRGDVEKSKRKVEGDLKLTQEAVADLERNKKELEQTIQRKDKELSSITAKLEDEQVVVLKHQRQIKELQARIEELEEEVEAERQARAKAEKQRADLARELEELGERLEEAGGATSAQIELNKKREAELSKLRRDLEEANIQHESTLANLRKKHNDAVAEMAEQVDQLNKLKAKAEKEKNEYYGQLNDLRAGVDHITNEKAAQEKIAKQLQHTLNEVQSKLDETNRTLNDFDASKKKLSIENSDLLRQLEEAESQVSQLSKIKISLTTQLEDTKRLADEESRERATLLGKFRNLEHDLDNLREQVEEEAEGKADLQRQLSKANAEAQVWRSKYESDGVARSEELEEAKRKLQARLAEAEETIESLNQKCIGLEKTKQRLSTEVEDLQLEVDRANAIANAAEKKQKAFDKIIGEWKLKVDDLAAELDASQKECRNYSTELFRLKGAYEEGQEQLEAVRRENKNLADEVKDLLDQIGEGGRNIHEIEKARKRLEAEKDELQAALEEAEAALEQEENKVLRAQLELSQVRQEIDRRIQEKEEEFENTRKNHQRALDSMQASLEAEAKGKAEALRMKKKLEADINELEIALDHANKANAEAQKNIKRYQQQLKDIQTALEEEQRARDDAREQLGISERRANALQNELEESRTLLEQADRGRRQAEQELADAHEQLNEVSAQNASISAAKRKLESELQTLHSDLDELLNEAKNSEEKAKKAMVDAARLADELRAEQDHAQTQEKLRKALEQQIKELQVRLDEAEANALKGGKKAIQKLEQRVRELENELDGEQRRHADAQKNLRKSERRVKELSFQSEEDRKNHERMQDLVDKLQQKIKTYKRQIEEAEEIAALNLAKFRKAQQELEEAEERADLAEQAISKFRAKGRAGSVGRGASPAPTASKGRKSALLEQ,1949
"BAB16373.1 keratin, partial [Paralichthys olivaceus]",KNQRELEAWLQTQSESLSKEVAVKTEVLQTTKAEISDLRRTMQNLEIELQSQLSMKAALEGTLSDTECRYSMQLQSLQIQVTSLEEQLMQLRADMERQNQEYNILLDIKTRLEMEIAEY,119
ADD78087.1 Alpha [Pantoea ananatis LMG 20103],MKMTVSDAASAARGQWPRILPALGVKVVKNRHTACPVCGGKDRFRFDDKEGRGTWFCNQCGAGDGMDLVQKALGVSLSGAAARVNDLTGNLPPVTEAAPPEPDDEAARIAATALAQQLVSSAKSVTGNAYLSRKGLPEQTCLTLTKPHKVALTAYRPGDLVVPLHDADGALVNVQLINAAGDKRTLKGGQVKGACHVLSGKGTPKRIWLTEGYATGLTVHALTGDSVWIALSSANLLSLAGLVREKHPTLPLVIAADRDLNGDGQRKAKNATAACNATVALPPVFGDWNDAFTAHGEEATRQALREASAPPAASPFDTMSEAEFTAMSASEKAERVAEHYGRNLAVDASGEILCRYEAGAWKVISGNQFGRDVAKLFQRLRAPFSAGKVAGVVDTLKLMLPQQAAPQRQLIGFRNGALDTRSGTFSPHRRENWLRTLSDVDYTHPVHGETLERHAPHFWQWLDRTAGRSAEKRDVILAALFMVLANRYDWQLFLEVTGPGGSGKSIMAEIATMLAGTDNAVSAIIETLEYSRERASVIGYSLIRLPDQEKWSGDGAGIKAITGGMRCPLTPSTATPTRPTSRRVILAVNNNPMRFTDRSGGVSRRRVILHFAEIIPANERDPQLKQKIQAELAVIVRQLMQRFSSPQDARALLQQQQNSGEAMRIKRDTDPMVDFCGYLFATAEPNGLHMGNASIQPLQPRRYLYHAYLAYMEANGYRNPLSMKTFSQALESILREYGRSYLKRRTKTGVQTNLGLTDESSADWLPKCDDPNAV,774
"AAB30058.2 keratin, partial [Homo sapiens]",VTLARTDLEMQIEGLKEELAYLRKNHEEEMLALRGQTGGDVNVEMDAAPGVDLSRILNEMRDQYEQMAEKNRRDAETWFLSKTEELNKEVASNSELVQSSRSEVTELRRVLQGLEIELQSQLSTKASLENSLEETKGRYCMQLSQIQGLIGSVEEQLAQLRCEMEQQSQEYQILLDVKTRLEHEIATYRRLLXGEDAHLSSQQASGQSYSSREVFTSSSSSSSRQTRPILKEQSSSSFSQGQSS,244
"NP_001303327.1 myosin heavy chain, isoform V [Drosophila melanogaster]",MPKPVANQEDEDPTPYLFVSLEQRRIDQSKPYDSKKSCWIPDEKEGYLLGEIKATKGDIVSVGLQGGEVRDIKSEKVEKVNPPKFEKIEDMADMTVLNTPCVLHNLRQRYYAKLIYTYSGLFCVAINPYKRYPVYTNRCAKMYRGKRRNEVPPHIFAISDGAYVDMLTNHVNQSMLITGESGAGKTENTKKVIAYFATVGASKKTDEAAKSKGSLEDQVVQTNPVLEAFGNAKTVRNDNSSRFGKFIRIHFGPTGKLAGADIETYLLEKARVISQQSLERSYHIFYQIMSGSVPGVKEMVFLGQHIGDYPGICQGKTRIPGVNDGEEFELTDQAFDILGFTKQEKEDVYRITAAVMHMGGMKFKQRGREEQAEQDGEEEGGRVSKLFGCDTAELYKNLLKPRIKVGNEFVTQGRNVQQVTNSIGALCKGVFDRLFKWLVKKCNETLDTQQKRQHFIGVLDIAGFEIFEYNGFEQLCINFTNEKLQQFFNHHMFVLEQEEYKREGIDWAFIDFGMDLLACIDLIEKPMGILSILEEESMFPKATDQTFSEKLTNTHLGKSAPFQKPKPPKPGQQAAHFAIAHYAGCVSYNITGWLEKNKDPLNDTVVDQFKKSQNKLLIEIFADHAGQSGGGEQAKGGRGKKGGGFATVSSAYKEQLNSLMTTLRSTQPHFVRCIIPNEMKQPGVVDAHLVMHQLTCNGVLEGIRICRKGFPNRMMYPDFKMRYKIMCPKLLQGVEKDKKATEIIIKFIDLPEDQYRLGNTKVFFRAGVLGQMEEFRDERLGKIMSWMQAWARGYLSRKGFKKLQEQRVALKVVQRNLRKYLQLRTWPWYKLWQKVKPLLNVSRIEDEIARLEEKAKKAEELHAAEVKVRKELEALNAKLLAEKTALLDSLSGEKGALQDYQERNAKLTAQKNDLENQLRDIQERLTQEEDARNQLFQQKKKADQEISGLKKDIEDLELNVQKAEQDKATKDHQIRNLNDEIAHQDELINKLNKEKKMQGETNQKTGEELQAAEDKINHLNKVKAKLEQTLDELEDSLEREKKVRGDVEKSKRKVEGDLKLTQEAVADLERNKKELEQTIQRKDKELSSITAKLEDEQVVVLKHQRQIKELQARIEELEEEVEAERQARAKAEKQRADLARELEELGERLEEAGGATSAQIELNKKREAELSKLRRDLEEANIQHESTLANLRKKHNDAVAEMAEQVDQLNKLKAKAEHDRQTCHNELNQTRTACDQLGRDKAAQEKIAKQLQHTLNEVQSKLDETNRTLNDFDASKKKLSIENSDLLRQLEEAESQVSQLSKIKISLTTQLEDTKRLADEESRERATLLGKFRNLEHDLDNLREQVEEEAEGKADLQRQLSKANAEAQVWRSKYESDGVARSEELEEAKRKLQARLAEAEETIESLNQKCIGLEKTKQRLSTEVEDLQLEVDRANAIANAAEKKQKAFDKIIGEWKLKVDDLAAELDASQKECRNYSTELFRLKGAYEEGQEQLEAVRRENKNLADEVKDLLDQIGEGGRNIHEIEKARKRLEAEKDELQAALEEAEAALEQEENKVLRAQLELSQVRQEIDRRIQEKEEEFENTRKNHQRALDSMQASLEAEAKGKAEALRMKKKLEADINELEIALDHANKANAEAQKNIKRYQQQLKDIQTALEEEQRARDDAREQLGISERRANALQNELEESRTLLEQADRGRRQAEQELADAHEQLNEVSAQNASISAAKRKLESELQTLHSDLDELLNEAKNSEEKAKKAMVDAARLADELRAEQDHAQTQEKLRKALEQQIKELQVRLDEAEANALKGGKKAIQKLEQRVRELENELDGEQRRHADAQKNLRKSERRVKELSFQSEEDRKNHERMQDLVDKLQQKIKTYKRQIEEAEEIAALNLAKFRKAQQELEEAEERADLAEQAISKFRAKGRAGSVGRGASPAPRATSVRPQFDGLAFPPRFDLAPENEF,1962
CAP2943154.1 VIT [Coturnix japonica],MKASVIAAFFGVLLTCTYAAREATKKTKKAKLYIPQIDCDVKAGKIINPEFIAKCPPGCQDVKYRVYGTDIYASFSSVCSAAIHSGAIDNTGGKILVQKVAGHAGYRGSFSNGVRSLSLPRWRESFLISEGKPRKGVTYPSILEFSSSKSTAVKPEPKKPEQDLKVTKNASMSDIPRKASEQGDTVRKVYQTSPVPMPTTQMATTTPTPTTTTTDPFSTTPKPTTTTPATTRITTDLAAAKPRPGLHRVRVTGSSSVHPAYSSVAAAASTFRGTSTSASNRNILRPNAGIQRQEPVATFRRPAGSPAHLAMETDLWKPGLTFFDTGFASKEELNLKPLEATSQGNPSCKVDLSFLMDGSWSIGKRRFQLQKQFLINVAHALGISNDGPLMGVVQYGDDPSTEFNLKTYTSPKDLRNAIEKIPQKGGLSNVGKALSFVNKNFFSDANGNRGGAPNVVVVMVDGWPTDRVEEASRLARESGINIFFVTIEAAAQNEKQNVIEPNFVDKAVCRTNGFYSITVPSWFSLHKVVQPLVKRVCDIDRLVCSKTCLNSADIGFVIDGSSSVGTGNFRTVLQFVANISKEFEISDTDTRIGAIQYTYEQRLEFSFDKYSTKQDVLSAIKRINYWSGGTSTGAAISYASEQLFTKSKPNKRKIMILITDGRSYDDVRVPALTAHQNGVIAYSIGIAWAAEDELEAIATDPDKEHSFFVDEFDNLYQFVKPLIQNICTEFNSQPRN,736
AAB59562.1 keratin [Homo sapiens],MTTCSRQFTSSSSMKGSCGIGGGIGAGSSRISSVLAGGSCRAPNTYGGGLSVSSSRFSSGGAYGLGGGYGGGFSSSSSSFGSGFGGGYGGGLGAGLGGGFGGGFAGGDGLLVGSEKVTMQNLNDRLASYLDKVRALEEANADLEVKIRDWYQRQRPAEIKDYSPYFKTIEDLRNKILTATVDNANVLLQIDNARLAADDFRTKYETELNLRMSVEADINGLRRVLDELTLARADLEMQIESLKEELAYLKKNHEEEMNALRGQVGGDVNVEMDAAPGVDLSRILNEMRDQYEKMAEKNRKDAEEWFFTKTEELNREVATNSELVQSGKSEISELRRTMQNLEIELQSQLSMKASLENSLEETKGRYCMQLAQIQEMIGSVEEQLAQLRCEMEQQNQEYKILLDVKTRLEQEIATYRRLLEGEDAHLSSSQFSSGSQSSRDVTSSSRQIRTKVMDVHDGKVVSTHEQVLRTKN,472
BAA04809.1 collagen [Homo sapiens],MHPGLWLLLVTLCLTEELAAAGEKSYGKPCGGQDCSGSCQCFPEKGARGRPGPIGIQGPTGPQGFTGSTGLSGLKGERGFPGLLGPYGPKGDKGPMGVPGFLGINGIPGHPGQPGPRGPPGLDGCNGTQGAVGFPGPDGYPGLLGPPGLPGQKGSKGDPVLAPGSFKGMKGDPGLPGLDGITGPQGAPGFPGAVGPAGPPGLQGPPGPPGPLGPDGNMGLGFQGEKGVKGDVGLPGPAGPPPSTGELEFMGFPKGKKGSKGEPGPKGFPGISGPPGFPGLGTTGEKGEKGEKGIPGLPGPRGPMGSEGVQGPPGQQGKKGTLGFPGLNGFQGIEGQKGDIGLPGPDVFIDIDGAVISGNPGDPGVPGLPGLKGDEGIQGLRGPSGVPGLPALSGVPGALGPQGFPGLKGDQGNPGRTTIGAAGLPGRDGLPGPPGPPGPPSPEFETETLHNKESGFPGLRGEQGPKGNLGLKGIKGDSGFCACDGGVPNTGPPGEPGPPGPWGLIGLPGLKGARGDRGSGGAQGPAGAPGLVGPLGPSGPKGKKGEPILSTIQGMPGDRGDSGSQGFRGVIGEPGKDGVPGLPGLPGLPGDGGQGFPGEKGLPGLPGEKGHPGPPGLPGNGLPGLPGPRGLPGDKGKDGLPGQQGLPGSKGITLPCIIPGSYGPSGFPGTPGFPGPKGSRGLPGTPGQPGSSGSKGEPGSPGLVHLPELPGFPGPRGEKGLPGFPGLPGKDGLPGMIGSPGLPGSKGATGDIFGAENGAPGEQGLQGLTGHKGFLGDSGLPGLKGVHGKPGLLGPKGERGSPGTPGQVGQPGTPGSSGPYGIKGKSGLPGAPGFPGISGHPGKKGTRGKKGPPGSIVKKGLPGLKGLPGNPGLVGLKGSPGSPGVAGLPALSGPKGEKGSVGFVGFPGIPGLPGISGTRGLKGIPGSTGKMGPSGRAGTPGEKGDRGNPGPVGIPSPRRPMSNLWLKGDKGSQGSAGSNGFPGPRGDKGEAGRPGPPGLPGAPGLPGIIKGVSGKPGPPGFMGIRGLPGLKGSSGITGFPGMPGESGSQGIRGSPGLPGASGLPGLKGDNGQTVEISGSPGPKGQPGESGFKGTKGRDGLIGNIGFPGNKGEDGKVGVSGDVGLPGAPGFPGVAGMRGEPGLPGSSGHQGAIGPLGSPGLIGPKGFPGFPGLHGLNGLPGTKGTHGTPGPSITGVPGPAGLPGPKGEKGYPGIGIGAPGKPGLRGQKGDRGFPGLQGPAGLPGAPGISLPSLIAGQPGDPGRPGLDGERGRPGPAGPPGPPGPSSNQGDTGDPGFPGIPGFSGLPGELGLKGMRGEPGFMGTPGKVGPPGDPGFPGMKGKAGARGSSGLQGDPGQTPTAEAVQVPPGPLGLPGIDGIPGLTGDPGAQGPVGLQGSKGLPGIPGKDGPSGLPGPPGALGDPGLPGLQGPPGFEGAPGQQGPFGMPGMPGQSMRVGYTLVKHSQSEQVPPCPIGMSQLWVGYSLLFVEGQEKAHNQDLGFAGSCLPRFSTMPFIYCNINEVCHYARRNDKSYWLSTTAPIPMMPVSQTQIPQYISRCSVCEAPSQAIAVHSQDITIPQCPLGWRSLWIGYSFLMHTAAGAEGGGQSLVSPGSCLEDFRATPFIECSGARGTCHYFANKYSFWLTTVEERQQFGELPVSETLKAGQLHTRVSRCQVCMKSL,1678
PNX59123.1 albumin [Trifolium pratense],MAYVKHALVVVFLATFGCGSGCSCLAWGIFGGNCIDGIFKEAVKEVNNVCESDEDCIKKGSGSICAYYPNSELQHGWCFTSNVEAERYFEVLSNPAVRKFFKQITHSNEKEFMKMALDNIATT,123
AAA29796.1 hemoglobin [Pseudoterranova decipiens],MHSSIVLATVLFVAIASASKTRELCMKSLEHAKVGTSKEAKQDGIDLYKHMFEHYPAMKKYFKHRENYTPADVQKDPFFIKQGQNILLACHVLCATYDDRETFDAYVGELMARHERDHVKVPNDVWNHFWEHFIEFLGSKTTLDEPTKHAWQEIGKEFSHEISHHGRHSVRDHCMNSLEYIAIGDKEHQKQNGIDLYKHMFEHYPHMRKAFKGRENFTKEDVQKDAFFVNKDTRFCWPFVCCDSSYDDEPTFDYFVDALMDRHIKDDIHLPQEQWHEFWKLFAEYLNEKSHQHLTEAEKHAWSTIGEDFAHEADKHAKAEKDHHEGEHKEEHH,333
CDW80881.1 alpha- [Stylonychia lemnae],MNKYTLVFAGLVALSSANLGSDCSNFNGEMGCRSGQIATNPDDWAQRSFQTSLPGDAYYKPEYEGLGRIVCYNSILYKSDKKSATVDVRCRQHASITKVEYNFNNQGFQSNNQFQVDSSFGDVLPVVVRGTDGQGQQYSITLEPLNFIWQGAPINQGPQYKGGQKGAIVEMFGWPYADIKQECAFLGKSGYMGVRVFPPQESVFSYEWPQNGELNPWYFYYQPVSYKLTGRHGSREELRDLIQTCRQAGVRVYADAVVNHMSGGGNDVWPQHRNGNGGGCATWGPKISTGQSPYYTHNFMFQDSNNTGLRPGLEFPSVPYNPTDFHCERSLSSWNDPFQLNNGWLSGLADLNTESEYVQERIASYFVDLLSIGFSGFRIDAAKHIQPKSLSAIIAKFKKNLGGGDLPADFVTWLEVIIGGEKDLLMCADGDYNFGKSFAGFMAAAGLSDNDIYKIKIWSSDYPKEFPICGWVIPSERYAIQNDCHDDQNPGSSSRDMGDKGSVLVIQKDVNRHREFEKQLFTRTDGNWQIKMVLSSYTFMNNGAMGIPDGKSDCSKCVGNQCNSCSKSVPFSQAYKADSCGYDCSEGGSWQQGVYTRVHRDPQIVQAMRQWQGLSQVNDAHSLGYTANCASHFENTFLNVMQ,642
CAK9081045.1 Alpha [Durusdinium trenchii],MLVNGNALLPRADQLVRNDQLVQEHIRKKLQKQDFEQSVKAQLQTKHSHRRQKVLVVANRLPTKPKRDADGNWTFERCSGGLVSCLAGIRAKFDMVWLGWPGADFNDVEKDIVANEAMKQGCYPVFLRQNLIDEYYNGFANNVLWPLFHYIMPPFDKGVNECSTGQWEAYRKANEIFTEAILSVYEDDDYVWIHDYHLMLVPKFLREAKPDCNIGWFLHTPFPSAEIYRTLPWRQEIIESLLHANLLGFHVYDYLRHFLSSCVQLTSLEISAHSVDATSIGGCIVTCATVPIGISPDEFLTGLQKPEVKQQIEQLHEQYAGRKVILGIDRLDYMKGIPHKLMSFGRFLENHPDWADKCVLVQLAVPSRRDVPEYQRLQRQVHELVGQISGKHSSIATGVPVIYMDSSMSPDDLSALYNVADVALITSLRDGMNLVSYEYIACQHGKTVPGVLILSEFAGAAQSLGAGSIRVNPWHLQDTAHAIYEALMMGSEEREALHDYAFKYVSEHTAQKWAETFLQCLQEACSDLMEVTSQVPPLLPYEEFLSDWSESVQRLIIIDLLECLAPARERMNLHSRGRPKFIRLPPGLWQCLKTIASSPGTSVIITSDRDRQTLAAVTEDLPVYLAPEGCCIMRRPGETEEWIHLVEDSDVEGREEWMDGVNAVFNYFAERTPGSYIEKQEYMYRWSWDNAQFDFGSAQAREVLIHLWAGPLVNSEAEVVVGDRAITVRPHACSRGACLEKLLSNELNGLQQVDFALCFAVVSHRDEDVFETVEAFFEESMASDFGYASAGDGDATASGLATGLMSLCSSPRSSADGRAGSSVLQTPTGPAPEVQPGEEPPPYDWVPTAQREREEQQRQESDLPAVSAPDGDAQPHRQLSGDLEEEKTPSASADWNDLRRYASCYTMSLGMKKTKAQYALPHPYHVQNLIRAMAARLPQV,940
AAA40590.1 insulin [Octodon degus],MAPWMHLLTVLALLALWGPNSVQAYSSQHLCGSNLVEALYMTCGRSGFYRPHDRRELEDLQVEQAELGLEAGGLQPSALEMILQKRGIVDQCCNNICTFNQLQNYCNVP,109
