protein_name,sequence,length,secondary_structure
"JAO04154.1 VIT, partial [Poeciliopsis prolifica]",RGLLLCCLVALATSQNQRYDMTLNHRKTYEYKYEGEVKFGLGKYDMAESGVRITCKATISGLSEHSFLLEVSEMAFAEYNGFEGNTDYKISPKVTKRLASELADPFQFEYINGHITLITGPARASTTAVNIIRGVLNFFQLTVKTTQTIYELKEIGIHGKCQSNYDIHENEETKDWLLTKVVDVTNCKDKAVMHRGMATAPVERLAKERGESVISNMKYNYTIKPTAEGGVITRAHGFEQQHFSAFNVKDGKFKMEAMNNLMLLRIDNTARGRTHGPLVNKGNIIHKFEDVDINFPMMMQNLNNPVPKAIELVKRLSDLNRASIDNATTEDSMKLYHLLRVIPNEGLENMWKELAGNPTYRSWFLDSIVEIADVKVLNFIETRFKANDLTHFEALQTILMAFHHLQVTPQLLEITKVFLKLPFSKSDPYLWRTVVLSYGSLANKYCVYTMPCLVTAVQPLMEMATEALRSGNKEEMVIALKALGNAGHPGSMKTIMRFLPGVSVTPLDLPLRVQSAAVQAMRLMVTRDPHSVR,533,HCHHHEEHEHHHECHCHHECHEHCHHHEEHEHEHCHEHECHCHECHHHCCEHEEEHHEECCHCHHCEHHHECHHHEHHECCEHCCECEHECCHEEHHHHCHHHCCEHEHEECCHEEHEECCHHHCEEHECEEHCEHCEEHHEEHEEHEEEHHHHECEHCHEHCCECEHHCHHEHCEHHEHEECEECEHCHHEHHHCHHEHCEHHHHHHHCHCEECCHHECEEEHCEHHCCEEEHHHCEHHHHECHECEHCCHEHHHHHCCHHHHHECCEHHCHEHCCHECHCCEEHHEHCECECECHHHHCHCCCECHHEHHEHHHCCHCHHCECCHEEHCCHHHEHHHHEECCHCHHCHEHHHHCCCEEHCEEHCCEEHEHCEHEHCEEHEHEHHCCHEHEHHHHEEHHHEHHHHEECHHHHEEHEEHHHCECHCCCEHEHEEEHCECCHHCHEEEEEHCEHEEHEHCHHHHHEHHHHCCCHHHHEEHHHHHCCHCHCCCHHEEHHEHCCECEECHCHCHHEHCHHEHHHHHHEEHCCHCEH
"AAA63473.1 albumin, partial [Aquarana catesbeiana]",KCRIIREFPDIVFKGLTLVQVSQKFGKAGFEDVKKVTEEIVHLNEDCCKGDAVECMMERMEATDHICEAKDKLSSKLADCCAKSILERTPCLLALPNDESDLSKELKNYYEDERVCENYKKDKLLFLAHFTHDYARSHQESSPQSCLRVSKGFEGLLEKCCASENHAECLKQAPILLEAALKEIEELRKQNCGALQLLGFRDYNIQLLFRYFFKMPQVTAPTLVELAGRMTKVAVYCCGLAENKQQTCAEEKLDILLGEMCEKEKHTFVNDNVRHCCVDSYANRRKCFTDLQRYPNYVAPKWDESKLHFNEDLCKGSEDDQIKKKLEVLVEYMKMKPDCGPEKLKEVVEAFRKIDIKCCAAEDHQKCFDDEKAGLLQIIEAH,382,HEHEEHHECCEEEHCHEHEHECHHECHHCEHCEHHEEHHEEHHCHCEEHCCHEHEHHHHHHHECHEEHHHCHHCCHHHCEEHHCEHHHECEHHHHCCCHCCHCHHHHCEEHCHHEEHCEHHCHHHEHHHEEHCEHHCHHHCCCHCEHHECHCEHCHHHHEEHCHCHHHEHHHHCEHHHHHHHHEHHHHHHCECHHHHHCEHCECEHHHEHEEEHHCHEEHCEHEHHHCHHEHEHEEEECHHHCHHHEEHHHHHCEHHCHHEHHHHHEEECCCEHHEEECCEHCHHHEEECHHHECCEEHCHECHCHHHECHCHEHCCHCCHEHHHHHEHEHEHHHHCCECCHHHHHEEHHEHHECEHEEHHHCHHHEECCHHHCHHHEEHHH
NP_001009961.1 albumin precursor [Felis catus],MKWVTFISLLLLFSSAYSRGVTRREAHQSEIAHRFNDLGEEHFRGLVLVAFSQYLQQCPFEDHVKLVNEVTEFAKGCVADQSAANCEKSLHELLGDKLCTVASLRDKYGEMADCCEKKEPERNECFLQHKDDNPGFGQLVTPEADAMCTAFHENEQRFLGKYLYEIARRHPYFYAPELLYYAEEYKGVFTECCEAADKAACLTPKVDALREKVLASSAKERLKCASLQKFGERAFKAWSVARLSQKFPKAEFAEISKLVTDLAKIHKECCHGDLLECADDRADLAKYICENQDSISTKLKECCGKPVLEKSHCISEVERDELPADLPPLAVDFVEDKEVCKNYQEAKDVFLGTFLYEYSRRHPEYSVSLLLRLAKEYEATLEKCCATDDPPACYAHVFDEFKPLVEEPHNLVKTNCELFEKLGEYGFQNALLVRYTKKVPQVSTPTLVEVSRSLGKVGSKCCTHPEAERLSCAEDYLSVVLNRLCVLHEKTPVSERVTKCCTESLVNRRPCFSALQVDETYVPKEFSAETFTFHADLCTLPEAEKQIKKQSALVELLKHKPKATEEQLKTVMGDFGSFVDKCCAAEDKEACFAEEGPKLVAAAQAALA,608,HHEEEEECHHHHECCHECHCEEHHHHHHCHEHHHECCHCHHHEHCHEHEHECHEHHHECEHCHEHHECHEEHEHHCEEHCHCHHCEHHCHHHHHCCHHEEEHCHHCHECHHHCEEHHHHCHHCHEEHHHHCCCCCECHHEECHHCHHEEHEHHCHHHEHCHEHEHEHHHHCEEEHCHHHEEHHHEHCEEEHEEHHHCHHHEHECHECHHHHHEHHCCHHHHHHEHCHHHECHHHEHHECEHHHCHHECHHHEHHECHHEECHHHEHHHEEHCCHHHEHCCHHCHHHEEEHCHCCECEHHHHEECHCEHHHCHEECHEHHCHHCHCHCCHHECEEHCHHEEHCEHHHHCEEHCEEHEHECHHHCHECECHHHHHHHHEHHEHHHEEHECCCCHEEHHEECHEHCHEHHCHCHEHECEHHEHHHCHECEHCHHHEHEEHHECHECECEHEHECHCHCHECCHEEEHCHHHHHCEHHCEHCEEHCHHEEHHHHECECHHEEHEEEHCHECHHCEECHHHECHEEECHHECHHEEEEHHCHEEHCHHHHHEHHHCHHEHHHHHHCHHEHHHHHEEHCCECCEECHEEHHHCHHHEEHHHCCHHEHHHHHHHH
NP_001191615.1 insulin precursor [Aplysia californica],MSKFLLQSHSANACLLTLLLTLASNLDISLANFEHSCNGYMRPHPRGLCGEDLHVIISNLCSSLGGNRRFLAKYMVKRDTENVNDKLRGILLNKKEAFSYLTKREASGSITCECCFNQCRIFELAQYCRLPDHFFSRISRTGRSNSGHAQLEDNFS,156,HCHEHHHCHCHCHEHHEHHHEHHCCHCECHHCEHHCECCEHHCHCHCHECHCHHEEECCHECCHCCCHHEHHHEHEHHCEHCECCHHHCEHHCHHHHECEHEHHHHCCCEEEHEEECHEHEEHHHHEEHHCCHEECHECHECHCCCCHHHHHCCEC
"NP_001246051.1 myosin heavy chain, isoform U [Drosophila melanogaster]",MPKPVANQEDEDPTPYLFVSLEQRRIDQSKPYDSKKSCWIPDEKEGYLLGEIKATKGDIVSVGLQGGETRDLKKDLLQQVNPPKYEKAEDMSNLTYLNDASVLHNLRQRYYNKLIYTYSGLFCVAINPYKRYPVYTNRCAKMYRGKRRNEVPPHIFAISDGAYVDMLTNHVNQSMLITGESGAGKTENTKKVIAYFATVGASKKTDEAAKSKGSLEDQVVQTNPVLEAFGNAKTVRNDNSSRFGKFIRIHFGPTGKLAGADIETYLLEKARVISQQSLERSYHIFYQIMSGSVPGVKDICLLTDNIYDYHIVSQGKVTVASIDDAEEFSLTDQAFDILGFTKQEKEDVYRITAAVMHMGGMKFKQRGREEQAEQDGEEEGGRVSKLFGCDTAELYKNLLKPRIKVGNEFVTQGRNVQQVTNSIGALCKGVFDRLFKWLVKKCNETLDTQQKRQHFIGVLDIAGFEIFEYNGFEQLCINFTNEKLQQFFNHHMFVLEQEEYKREGIDWAFIDFGMDLLACIDLIEKPMGILSILEEESMFPKATDQTFSEKLTNTHLGKSAPFQKPKPPKPGQQAAHFAIAHYAGCVSYNITGWLEKNKDPLNDTVVDQFKKSQNKLLIEIFADHAGQSGGGEQAKGGRGKKGGGFATVSSAYKEQLNSLMTTLRSTQPHFVRCIIPNEMKQPGVVDAHLVMHQLTCNGVLEGIRICRKGFPNRMMYPDFKMRYQILNPKGIKGIEDPKKCTKVLIESTELNDDQYRLGNTKVFFRAGVLGQMEEFRDERLGKIMSWMQAWARGYLSRKGFKKLQEQRVALKVVQRNLRKYLQLRTWPWYKLWQKVKPLLNVSRIEDEIARLEEKAKKAEELHAAEVKVRKELEALNAKLLAEKTALLDSLSGEKGALQDYQERNAKLTAQKNDLENQLRDIQERLTQEEDARNQLFQQKKKADQEISGLKKDIEDLELNVQKAEQDKATKDHQIRNLNDEIAHQDELINKLNKEKKMQGETNQKTGEELQAAEDKINHLNKVKAKLEQTLDELEDSLEREKKVRGDVEKSKRKVEGDLKLTQEAVADLERNKKELEQTIQRKDKELSSITAKLEDEQVVVLKHQRQIKELQARIEELEEEVEAERQARAKAEKQRADLARELEELGERLEEAGGATSAQIELNKKREAELSKLRRDLEEANIQHESTLANLRKKHNDAVAEMAEQVDQLNKLKAKAEKEKNEYYGQLNDLRAGVDHITNEKAAQEKIAKQLQHTLNEVQSKLDETNRTLNDFDASKKKLSIENSDLLRQLEEAESQVSQLSKIKISLTTQLEDTKRLADEESRERATLLGKFRNLEHDLDNLREQVEEEAEGKADLQRQLSKANAEAQVWRSKYESDGVARSEELEEAKRKLQARLAEAEETIESLNQKCIGLEKTKQRLSTEVEDLQLEVDRANAIANAAEKKQKAFDKIIGEWKLKVDDLAAELDASQKECRNYSTELFRLKGAYEEGQEQLEAVRRENKNLADEVKDLLDQIGEGGRNIHEIEKARKRLEAEKDELQAALEEAEAALEQEENKVLRAQLELSQVRQEIDRRIQEKEEEFENTRKNHQRALDSMQASLEAEAKGKAEALRMKKKLEADINELEIALDHANKANAEAQKNIKRYQQQLKDIQTALEEEQRARDDAREQLGISERRANALQNELEESRTLLEQADRGRRQAEQELADAHEQLNEVSAQNASISAAKRKLESELQTLHSDLDELLNEAKNSEEKAKKAMVDAARLADELRAEQDHAQTQEKLRKALEQQIKELQVRLDEAEANALKGGKKAIQKLEQRVRELENELDGEQRRHADAQKNLRKSERRVKELSFQSEEDRKNHERMQDLVDKLQQKIKTYKRQIEEAEEIAALNLAKFRKAQQELEEAEERADLAEQAISKFRAKGRAGSVGRGASPAPTASKGRKSALLEQ,1949,HCHCEHCHHCHCCECEHEECHHHHHECHCHCECCHHCEEECCHHHCEHHCHEHHEHCCEECECHHCCHEHCHHHCHHHHECCCHEHHHHCHCCHEEHCCHCEHHCHHHHEECHHEEEECCHEEEHECCEHHECEEECHEHHHEHCHHHCHECCHEEHECCCHEECHHECHECHCHHEECHCCHCHEHCEHHEEHEEHEECHCHHECHHHHCHCCHHCHEEHECCEHHHECCHHEEHCCCCCHECHEEHEHECCECHHHCHCEHEEHHHHHHEECHHCHHHCEHEEEHEHCCCECCEHCEEHHECCEECEHEECHCHEEEHCECCHHHECHECHHECEHCEEHHHHHCEEHEEHHEHHHCCHHEHHHCHHHHHHHCCHHHCCHECHHECECEHHHEHCHHHCHEHECCHEEEHCHCEHHEECCECHHEHCEECHHEHEHEHHECHEHCEHHHHHHEECEHCEHCEHEEHECCEHHHEECEECHHHHHEECHHHEEHHHHHEHHHCECEHEECECHCHHHEECHEHHCHCEHCEHHHHCHECHHECHEECHHHECEHHCHCHCEHHCHCCHCCHHHHHEHEHHEHCEECECEECEHHHCHCCHCCEEECHEHHCHCHHHEHEEHCHHCHCCCCHHHHCCHCHHCCCEHEECCHEHHHHCCHHEEHHCEHCHEEHEEECCHHHHCCEECHHHEHHHHEECCEHHCEHEEHHCECCHHHECCEHHHEHEHCCHCEHCEHCCHHEEHEHEHCEHHCCCHEHHCCEHEEEHHCEHCHHHHEHCHHHCHEHCEHHHEHHCEHCHHCEHHHHHHHEHHHEEHHCHHHEHHHHEECEEHHEHHEHCHHCECHEHCHEHHHHHHHHHHHHHHHHHEHEHHHHHHHCHHHHHHHEHHHCCHCCHHCHHHCEHHHCHHHEHHHCCHHCHHHCEHHHHEHHHCHHCHHEHHHHHHCHHECCHHHCEHCHHHCEHHHHHCHHEHCHHEHCHCCHEHHHCHHECHHCHHHHHHCHECHHECHHHHHHHCHECHHCHEHHHHHHEHCHHHCCHHHHHHEHCCEHHCHHHEHCCHHHEHHHEHCHHHCHHHHHHEEHHHCHHHCCEEHHHHCHHEEEHHHHHHEHHHHHHEHHHHHHEHHHHHHHHHHHHHHHCHHHHHHHHCHHHHHHCCHECHHEHHCHHHHHHHCHHHHCHHHHCEHHHCEHHCHHHHHCCHEHHHHHHECHHCHHHHHHHHHHCHEECHHCCHHHCECHEECHHHHHHHEHHHHHHEHCHEHCHHCHECHEHCCECHCHHHHCEHCCCHHHHHHHHHCHECHHCHEHECHEEHHHCEHHHHCHHCHHHHEHHCHEHCHHHCHCCHHHHEHHHHHCHHCHHHHHCHHCHHHHEEHCHEHCCCEHHCHHHHHHHHHHHHHHHHHHHEEHCHCHHEECHHHEHHHHCEHEHCHHHHECHHCHEHCHHHHHHHHECHEECHEHHHECCHHHHHCHCHHHEHCECEHHEHHHCHEHHCHHHHHHEHHHCHCHHCHEHCHHCHECHCCHCEHHEHHHHHHHHHHHCHHHHHHHHHHHHHHHHHCHEHHHHHHHCHEHHHECHHEHHHHHHEHCEHHCHHHHHCCHHHCHHHHHHCHHHHHHHHHHHHHCECHHHEHHCHHCHHCHHHHHCEHHEHHHHHCEHEHHHHHHHHHCCHHHHHCECHHHHCHHHCHHHHCHEHHHHHCHCHHHHHHHHHCHHHHHCHECHHCHCECHHHHHHHCHHHEHHCCHCHHHCHHHCCHHHHHHHHECHHHHHCHHHHHHCHHHEHHHHHHHHHHHEHHHHEHHCHHHHCHHHCCHHHEHHHHHHEHHHHCHHCCHHHHHHCHHHCHHHCHHHEHHHCEHCHHCHHCHHHHHCHECHHHHHEHEEHHHEHHHHHEHHHCHHHEHHHHHHHHHHHHHHCHHHHHECHEHHHCHHCCECHCHCCHCEHCHCHHCHHHHH
"BAB16373.1 keratin, partial [Paralichthys olivaceus]",KNQRELEAWLQTQSESLSKEVAVKTEVLQTTKAEISDLRRTMQNLEIELQSQLSMKAALEGTLSDTECRYSMQLQSLQIQVTSLEEQLMQLRADMERQNQEYNILLDIKTRLEMEIAEY,119,HCHHHHHHEHHEHCHCHCHHEHEHEHEHHEEHHHECCHHHEHHCHHEHHHCHHCHHHHHHCEHCCEHEHECHHHHCHHEHEECHHHHHHHHHHCHHHHCHHECEHHCEHEHHHHHEHHE
ADD78087.1 Alpha [Pantoea ananatis LMG 20103],MKMTVSDAASAARGQWPRILPALGVKVVKNRHTACPVCGGKDRFRFDDKEGRGTWFCNQCGAGDGMDLVQKALGVSLSGAAARVNDLTGNLPPVTEAAPPEPDDEAARIAATALAQQLVSSAKSVTGNAYLSRKGLPEQTCLTLTKPHKVALTAYRPGDLVVPLHDADGALVNVQLINAAGDKRTLKGGQVKGACHVLSGKGTPKRIWLTEGYATGLTVHALTGDSVWIALSSANLLSLAGLVREKHPTLPLVIAADRDLNGDGQRKAKNATAACNATVALPPVFGDWNDAFTAHGEEATRQALREASAPPAASPFDTMSEAEFTAMSASEKAERVAEHYGRNLAVDASGEILCRYEAGAWKVISGNQFGRDVAKLFQRLRAPFSAGKVAGVVDTLKLMLPQQAAPQRQLIGFRNGALDTRSGTFSPHRRENWLRTLSDVDYTHPVHGETLERHAPHFWQWLDRTAGRSAEKRDVILAALFMVLANRYDWQLFLEVTGPGGSGKSIMAEIATMLAGTDNAVSAIIETLEYSRERASVIGYSLIRLPDQEKWSGDGAGIKAITGGMRCPLTPSTATPTRPTSRRVILAVNNNPMRFTDRSGGVSRRRVILHFAEIIPANERDPQLKQKIQAELAVIVRQLMQRFSSPQDARALLQQQQNSGEAMRIKRDTDPMVDFCGYLFATAEPNGLHMGNASIQPLQPRRYLYHAYLAYMEANGYRNPLSMKTFSQALESILREYGRSYLKRRTKTGVQTNLGLTDESSADWLPKCDDPNAV,774,HHHEECCHHCHHHCHECHEHCHHCEHEEHCHHEHECEECCHCHEHECCHHCHCEEEECHECHCCCHCHEHHHHCECHCCHHHHECCHECCHCCEEHHHCCHCCCHHHHEHHEHHHHHHECCHHCEECCHEHCHHCHCHHEEHEHEHCHHEHHEHEHCCCHEECHHCHCCHHECEHHECHHCCHHEHHCCHEHCHEHEHCCHCECHHEEHEHCEHECHEEHHHECCCEEEHHCCHCHHCHHCHEHHHHCEHCHEEHHCHCHCCCCHHHHHCHEHHECHEEHHCCEECCECCHEEHHCHHHEHHHHHHHCHCCHHCCECEHCHHHEEHHCHCHHHHHEHHHECHCHHECHCCHEHEHEHHCHEHEECCCHECHCEHHHEHHHHHCECHCHEHCEECEHHHHHCHHHHCHHHHECEHCCHHCEHCCEECCHHHHCEHHEHCCECEEHCEHCHEHHHHHCHEEHEHCHEHCHCHHHHCEEHHHHEHEHHCHECEHHEHHEECCCCCCHCEHHHEHEHHHCECCHECHEEHEHHECHHHHCEECECHEHHCCHHHECCCCHCEHHEECCHHECHECCEHECEHCECHHEEHHECCCCHHEECHCCCECHHHEEHHEHHEECHCHHCCHHHHHEHHHHHEEEHHHHHHECCCHCHHHHHHHHHCCCHHHHEHHCECCHECEECEHEHEHHCCCHHHCCHCEHCHHCHHEHEHHEHHEHHHCCEHCCHCHHEECHHHHCEHHHECHCEHHHHEHECEHECHCHECHCCHCEHCHECCCCHE
"AAB30058.2 keratin, partial [Homo sapiens]",VTLARTDLEMQIEGLKEELAYLRKNHEEEMLALRGQTGGDVNVEMDAAPGVDLSRILNEMRDQYEQMAEKNRRDAETWFLSKTEELNKEVASNSELVQSSRSEVTELRRVLQGLEIELQSQLSTKASLENSLEETKGRYCMQLSQIQGLIGSVEEQLAQLRCEMEQQSQEYQILLDVKTRLEHEIATYRRLLXGEDAHLSSQQASGQSYSSREVFTSSSSSSSRQTRPILKEQSSSSFSQGQSS,244,EEHHHECHHHHEHCHHHHHHEHHHCHHHHHHHHHCHECCCECEHHCHHCCECHCHEHCHHHCHEHHHHHHCHHCHHEEEHCHEHHHCHHEHCCCHHEHCCHCHEEHHHHEHHCHHEHHHCHHCEHHCHHCCHHHEHCHEEHHHCHEHCHECCEHHHHHHHHEHHHHHCHHEHEHHCEHEHHHHHEHEEHHHHCCHCHHHCCHHHCCHCECCHHEEECCCCCCCHHEHCEHHHHCCCCECHCHCC
"NP_001303327.1 myosin heavy chain, isoform V [Drosophila melanogaster]",MPKPVANQEDEDPTPYLFVSLEQRRIDQSKPYDSKKSCWIPDEKEGYLLGEIKATKGDIVSVGLQGGEVRDIKSEKVEKVNPPKFEKIEDMADMTVLNTPCVLHNLRQRYYAKLIYTYSGLFCVAINPYKRYPVYTNRCAKMYRGKRRNEVPPHIFAISDGAYVDMLTNHVNQSMLITGESGAGKTENTKKVIAYFATVGASKKTDEAAKSKGSLEDQVVQTNPVLEAFGNAKTVRNDNSSRFGKFIRIHFGPTGKLAGADIETYLLEKARVISQQSLERSYHIFYQIMSGSVPGVKEMVFLGQHIGDYPGICQGKTRIPGVNDGEEFELTDQAFDILGFTKQEKEDVYRITAAVMHMGGMKFKQRGREEQAEQDGEEEGGRVSKLFGCDTAELYKNLLKPRIKVGNEFVTQGRNVQQVTNSIGALCKGVFDRLFKWLVKKCNETLDTQQKRQHFIGVLDIAGFEIFEYNGFEQLCINFTNEKLQQFFNHHMFVLEQEEYKREGIDWAFIDFGMDLLACIDLIEKPMGILSILEEESMFPKATDQTFSEKLTNTHLGKSAPFQKPKPPKPGQQAAHFAIAHYAGCVSYNITGWLEKNKDPLNDTVVDQFKKSQNKLLIEIFADHAGQSGGGEQAKGGRGKKGGGFATVSSAYKEQLNSLMTTLRSTQPHFVRCIIPNEMKQPGVVDAHLVMHQLTCNGVLEGIRICRKGFPNRMMYPDFKMRYKIMCPKLLQGVEKDKKATEIIIKFIDLPEDQYRLGNTKVFFRAGVLGQMEEFRDERLGKIMSWMQAWARGYLSRKGFKKLQEQRVALKVVQRNLRKYLQLRTWPWYKLWQKVKPLLNVSRIEDEIARLEEKAKKAEELHAAEVKVRKELEALNAKLLAEKTALLDSLSGEKGALQDYQERNAKLTAQKNDLENQLRDIQERLTQEEDARNQLFQQKKKADQEISGLKKDIEDLELNVQKAEQDKATKDHQIRNLNDEIAHQDELINKLNKEKKMQGETNQKTGEELQAAEDKINHLNKVKAKLEQTLDELEDSLEREKKVRGDVEKSKRKVEGDLKLTQEAVADLERNKKELEQTIQRKDKELSSITAKLEDEQVVVLKHQRQIKELQARIEELEEEVEAERQARAKAEKQRADLARELEELGERLEEAGGATSAQIELNKKREAELSKLRRDLEEANIQHESTLANLRKKHNDAVAEMAEQVDQLNKLKAKAEHDRQTCHNELNQTRTACDQLGRDKAAQEKIAKQLQHTLNEVQSKLDETNRTLNDFDASKKKLSIENSDLLRQLEEAESQVSQLSKIKISLTTQLEDTKRLADEESRERATLLGKFRNLEHDLDNLREQVEEEAEGKADLQRQLSKANAEAQVWRSKYESDGVARSEELEEAKRKLQARLAEAEETIESLNQKCIGLEKTKQRLSTEVEDLQLEVDRANAIANAAEKKQKAFDKIIGEWKLKVDDLAAELDASQKECRNYSTELFRLKGAYEEGQEQLEAVRRENKNLADEVKDLLDQIGEGGRNIHEIEKARKRLEAEKDELQAALEEAEAALEQEENKVLRAQLELSQVRQEIDRRIQEKEEEFENTRKNHQRALDSMQASLEAEAKGKAEALRMKKKLEADINELEIALDHANKANAEAQKNIKRYQQQLKDIQTALEEEQRARDDAREQLGISERRANALQNELEESRTLLEQADRGRRQAEQELADAHEQLNEVSAQNASISAAKRKLESELQTLHSDLDELLNEAKNSEEKAKKAMVDAARLADELRAEQDHAQTQEKLRKALEQQIKELQVRLDEAEANALKGGKKAIQKLEQRVRELENELDGEQRRHADAQKNLRKSERRVKELSFQSEEDRKNHERMQDLVDKLQQKIKTYKRQIEEAEEIAALNLAKFRKAQQELEEAEERADLAEQAISKFRAKGRAGSVGRGASPAPRATSVRPQFDGLAFPPRFDLAPENEF,1962,HCHCEHCHHCHCCECEHEECHHHHHECHCHCECCHHCEEECCHHHCEHHCHEHHEHCCEECECHHCCHEHCEHCHHEHHECCCHEHHEHCHHCHEEHCECEEHHCHHHHEEHHHEEEECCHEEEHECCEHHECEEECHEHHHEHCHHHCHECCHEEHECCCHEECHHECHECHCHHEECHCCHCHEHCEHHEEHEEHEECHCHHECHHHHCHCCHHCHEEHECCEHHHECCHHEEHCCCCCHECHEEHEHECCECHHHCHCEHEEHHHHHHEECHHCHHHCEHEEEHEHCCCECCEHHHEEHCHHECCECCEEHCHEHECCECCCHHEHHECHHECEHCEEHHHHHCEEHEEHHEHHHCCHHEHHHCHHHHHHHCCHHHCCHECHHECECEHHHEHCHHHCHEHECCHEEEHCHCEHHEECCECHHEHCEECHHEHEHEHHECHEHCEHHHHHHEECEHCEHCEHEEHECCEHHHEECEECHHHHHEECHHHEEHHHHHEHHHCECEHEECECHCHHHEECHEHHCHCEHCEHHHHCHECHHECHEECHHHECEHHCHCHCEHHCHCCHCCHHHHHEHEHHEHCEECECEECEHHHCHCCHCCEEECHEHHCHCHHHEHEEHCHHCHCCCCHHHHCCHCHHCCCEHEECCHEHHHHCCHHEEHHCEHCHEEHEEECCHHHHCCEECHHHEHHHHEECCEHHCEHEEHHCECCHHHECCEHHHEHEHECHHHHCEHHCHHHEHEEEHEECHCHCHEHHCCEHEEEHHCEHCHHHHEHCHHHCHEHCEHHHEHHCEHCHHCEHHHHHHHEHHHEEHHCHHHEHHHHEECEEHHEHHEHCHHCECHEHCHEHHHHHHHHHHHHHHHHHEHEHHHHHHHCHHHHHHHEHHHCCHCCHHCHHHCEHHHCHHHEHHHCCHHCHHHCEHHHHEHHHCHHCHHEHHHHHHCHHECCHHHCEHCHHHCEHHHHHCHHEHCHHEHCHCCHEHHHCHHECHHCHHHHHHCHECHHECHHHHHHHCHECHHCHEHHHHHHEHCHHHCCHHHHHHEHCCEHHCHHHEHCCHHHEHHHEHCHHHCHHHHHHEEHHHCHHHCCEEHHHHCHHEEEHHHHHHEHHHHHHEHHHHHHEHHHHHHHHHHHHHHHCHHHHHHHHCHHHHHHCCHECHHEHHCHHHHHHHCHHHHCHHHHCEHHHCEHHCHHHHHCCHEHHHHHHECHHCHHHHHHHHCHHEEHCHHCHEHEHECHHCHCHHHHHHEHHHHHHEHCHEHCHHCHECHEHCCECHCHHHHCEHCCCHHHHHHHHHCHECHHCHEHECHEEHHHCEHHHHCHHCHHHHEHHCHEHCHHHCHCCHHHHEHHHHHCHHCHHHHHCHHCHHHHEEHCHEHCCCEHHCHHHHHHHHHHHHHHHHHHHEEHCHCHHEECHHHEHHHHCEHEHCHHHHECHHCHEHCHHHHHHHHECHEECHEHHHECCHHHHHCHCHHHEHCECEHHEHHHCHEHHCHHHHHHEHHHCHCHHCHEHCHHCHECHCCHCEHHEHHHHHHHHHHHCHHHHHHHHHHHHHHHHHCHEHHHHHHHCHEHHHECHHEHHHHHHEHCEHHCHHHHHCCHHHCHHHHHHCHHHHHHHHHHHHHCECHHHEHHCHHCHHCHHHHHCEHHEHHHHHCEHEHHHHHHHHHCCHHHHHCECHHHHCHHHCHHHHCHEHHHHHCHCHHHHHHHHHCHHHHHCHECHHCHCECHHHHHHHCHHHEHHCCHCHHHCHHHCCHHHHHHHHECHHHHHCHHHHHHCHHHEHHHHHHHHHHHEHHHHEHHCHHHHCHHHCCHHHEHHHHHHEHHHHCHHCCHHHHHHCHHHCHHHCHHHEHHHCEHCHHCHHCHHHHHCHECHHHHHEHEEHHHEHHHHHEHHHCHHHEHHHHHHHHHHHHHHCHHHHHECHEHHHCHHCCECHCHCCHCHHECEHCHECCHHECCHECHHCHCHE
CAP2943154.1 VIT [Coturnix japonica],MKASVIAAFFGVLLTCTYAAREATKKTKKAKLYIPQIDCDVKAGKIINPEFIAKCPPGCQDVKYRVYGTDIYASFSSVCSAAIHSGAIDNTGGKILVQKVAGHAGYRGSFSNGVRSLSLPRWRESFLISEGKPRKGVTYPSILEFSSSKSTAVKPEPKKPEQDLKVTKNASMSDIPRKASEQGDTVRKVYQTSPVPMPTTQMATTTPTPTTTTTDPFSTTPKPTTTTPATTRITTDLAAAKPRPGLHRVRVTGSSSVHPAYSSVAAAASTFRGTSTSASNRNILRPNAGIQRQEPVATFRRPAGSPAHLAMETDLWKPGLTFFDTGFASKEELNLKPLEATSQGNPSCKVDLSFLMDGSWSIGKRRFQLQKQFLINVAHALGISNDGPLMGVVQYGDDPSTEFNLKTYTSPKDLRNAIEKIPQKGGLSNVGKALSFVNKNFFSDANGNRGGAPNVVVVMVDGWPTDRVEEASRLARESGINIFFVTIEAAAQNEKQNVIEPNFVDKAVCRTNGFYSITVPSWFSLHKVVQPLVKRVCDIDRLVCSKTCLNSADIGFVIDGSSSVGTGNFRTVLQFVANISKEFEISDTDTRIGAIQYTYEQRLEFSFDKYSTKQDVLSAIKRINYWSGGTSTGAAISYASEQLFTKSKPNKRKIMILITDGRSYDDVRVPALTAHQNGVIAYSIGIAWAAEDELEAIATDPDKEHSFFVDEFDNLYQFVKPLIQNICTEFNSQPRN,736,HHHCEEHHEECEHHEEEEHHHHHEHHEHHHHHEECHECECEHHCHEECCHEEHHECCCEHCEHEHEECECEEHCECCEECHHEHCCHECCECCHEHEHHEHCHHCEHCCECCCEHCHCHCHEHHCEHECHCHCHHCEEECCEHHECCCHCEHEHCHCHHCHHCHHEEHCHCHCCECHHHCHHCCEEHHEEHECCECHCEEHHHEEECECEEEEECCECEECHCEEEECHEEHEEECHHHHHCHCCHHHEHEECCCCEHCHECCEHHHHCEEHCECECHCCHCEHHCCHCEHHHHCEHEEHHCHCCCHHHHHHECHEHCCHEEECECEHCHHHHCHHCHHHECHCCCCEHECHCEHHCCCECECHHHEHHHHHEHECEHHHHCECCCCCHHCEEHECCCCCEHECHHEEECCHCHHCHEHHECHHCCHCCECHHHCEECHCEECCHCCCHCCHCCEEEEHECCECECHEHHHCHHHHHCCECEEEEEEHHHHHCHHHCEEHCCEECHHEEHECCEECEEECCEECHHHEEHCHEHHEECECHHEECHEEHCCHCECEEECCCCCECECCEHEEHHEEHCECHHEHECCECEHECHEHEEEHHHHHECECHECEHHCEHCHEHHECEECCCECECHHECEHCHHHEEHCHCCHHHEHEHEECCHCECCEHECHHEHHHCCEEHECECEHEHHHCHHHHEHECCCHHHCEEECHECCHEHEEHCHEHCEEEHECCHCHC
AAB59562.1 keratin [Homo sapiens],MTTCSRQFTSSSSMKGSCGIGGGIGAGSSRISSVLAGGSCRAPNTYGGGLSVSSSRFSSGGAYGLGGGYGGGFSSSSSSFGSGFGGGYGGGLGAGLGGGFGGGFAGGDGLLVGSEKVTMQNLNDRLASYLDKVRALEEANADLEVKIRDWYQRQRPAEIKDYSPYFKTIEDLRNKILTATVDNANVLLQIDNARLAADDFRTKYETELNLRMSVEADINGLRRVLDELTLARADLEMQIESLKEELAYLKKNHEEEMNALRGQVGGDVNVEMDAAPGVDLSRILNEMRDQYEKMAEKNRKDAEEWFFTKTEELNREVATNSELVQSGKSEISELRRTMQNLEIELQSQLSMKASLENSLEETKGRYCMQLAQIQEMIGSVEEQLAQLRCEMEQQNQEYKILLDVKTRLEQEIATYRRLLEGEDAHLSSSQFSSGSQSSRDVTSSSRQIRTKVMDVHDGKVVSTHEQVLRTKN,472,HEEECHHEECCCCHHCCECECCCECHCCCHECCEHHCCCEHHCCEECCCHCECCCHECCCCHECHCCCECCCECCCCCCECCCECCCECCCHCHCHCCCECCCEHCCCCHHECCHHEEHHCHCCHHHCEHCHEHHHHHHCHCHHEHEHCEEHHHHCHHEHCECCEEHEEHCHHCHEHEHEECCHCEHHHECCHHHHHCCEHEHEHEHHCHHHCEHHCECCHHHEHCHHEHHHHCHHHHEHCHHHHHHEHHHCHHHHHCHHHCHECCCECEHHCHHCCECHCHEHCHHHCHEHHHHHHCHHCHHHEEEEHEHHHCHHEHECCHHEHCCHCHECHHHHEHHCHHEHHHCHHCHHHCHHCCHHHEHCHEEHHHHHEHHHECCEHHHHHHHHEHHHHHCHHEHEHHCEHEHHHHHEHEEHHHHHCHCHHHCCCHECCCCHCCHCEECCCHHEHEHEHCEHCCHEECEHHHEHHEHC
BAA04809.1 collagen [Homo sapiens],MHPGLWLLLVTLCLTEELAAAGEKSYGKPCGGQDCSGSCQCFPEKGARGRPGPIGIQGPTGPQGFTGSTGLSGLKGERGFPGLLGPYGPKGDKGPMGVPGFLGINGIPGHPGQPGPRGPPGLDGCNGTQGAVGFPGPDGYPGLLGPPGLPGQKGSKGDPVLAPGSFKGMKGDPGLPGLDGITGPQGAPGFPGAVGPAGPPGLQGPPGPPGPLGPDGNMGLGFQGEKGVKGDVGLPGPAGPPPSTGELEFMGFPKGKKGSKGEPGPKGFPGISGPPGFPGLGTTGEKGEKGEKGIPGLPGPRGPMGSEGVQGPPGQQGKKGTLGFPGLNGFQGIEGQKGDIGLPGPDVFIDIDGAVISGNPGDPGVPGLPGLKGDEGIQGLRGPSGVPGLPALSGVPGALGPQGFPGLKGDQGNPGRTTIGAAGLPGRDGLPGPPGPPGPPSPEFETETLHNKESGFPGLRGEQGPKGNLGLKGIKGDSGFCACDGGVPNTGPPGEPGPPGPWGLIGLPGLKGARGDRGSGGAQGPAGAPGLVGPLGPSGPKGKKGEPILSTIQGMPGDRGDSGSQGFRGVIGEPGKDGVPGLPGLPGLPGDGGQGFPGEKGLPGLPGEKGHPGPPGLPGNGLPGLPGPRGLPGDKGKDGLPGQQGLPGSKGITLPCIIPGSYGPSGFPGTPGFPGPKGSRGLPGTPGQPGSSGSKGEPGSPGLVHLPELPGFPGPRGEKGLPGFPGLPGKDGLPGMIGSPGLPGSKGATGDIFGAENGAPGEQGLQGLTGHKGFLGDSGLPGLKGVHGKPGLLGPKGERGSPGTPGQVGQPGTPGSSGPYGIKGKSGLPGAPGFPGISGHPGKKGTRGKKGPPGSIVKKGLPGLKGLPGNPGLVGLKGSPGSPGVAGLPALSGPKGEKGSVGFVGFPGIPGLPGISGTRGLKGIPGSTGKMGPSGRAGTPGEKGDRGNPGPVGIPSPRRPMSNLWLKGDKGSQGSAGSNGFPGPRGDKGEAGRPGPPGLPGAPGLPGIIKGVSGKPGPPGFMGIRGLPGLKGSSGITGFPGMPGESGSQGIRGSPGLPGASGLPGLKGDNGQTVEISGSPGPKGQPGESGFKGTKGRDGLIGNIGFPGNKGEDGKVGVSGDVGLPGAPGFPGVAGMRGEPGLPGSSGHQGAIGPLGSPGLIGPKGFPGFPGLHGLNGLPGTKGTHGTPGPSITGVPGPAGLPGPKGEKGYPGIGIGAPGKPGLRGQKGDRGFPGLQGPAGLPGAPGISLPSLIAGQPGDPGRPGLDGERGRPGPAGPPGPPGPSSNQGDTGDPGFPGIPGFSGLPGELGLKGMRGEPGFMGTPGKVGPPGDPGFPGMKGKAGARGSSGLQGDPGQTPTAEAVQVPPGPLGLPGIDGIPGLTGDPGAQGPVGLQGSKGLPGIPGKDGPSGLPGPPGALGDPGLPGLQGPPGFEGAPGQQGPFGMPGMPGQSMRVGYTLVKHSQSEQVPPCPIGMSQLWVGYSLLFVEGQEKAHNQDLGFAGSCLPRFSTMPFIYCNINEVCHYARRNDKSYWLSTTAPIPMMPVSQTQIPQYISRCSVCEAPSQAIAVHSQDITIPQCPLGWRSLWIGYSFLMHTAAGAEGGGQSLVSPGSCLEDFRATPFIECSGARGTCHYFANKYSFWLTTVEERQQFGELPVSETLKAGQLHTRVSRCQVCMKSL,1678,HHCCHEHHHEEHEHEHHHHHHCHHCECHCECCHCECCCEHEECHHCHHCHCCCECEHCCECCHCEECCECHCCHHCHHCECCHHCCECCHCCHCCHCECCEHCECCECCHCCHCCCHCCCCHCCECCEHCHECECCCCCECCHHCCCCHCCHHCCHCCCEHHCCCEHCHHCCCCHCCHCCEECCHCHCCECCHECCHCCCCHHCCCCCCCCHCCCCCHCHCEHCHHCEHCCECHCCCHCCCCCECHHHEHCECHCHHCCHCHCCCHCECCECCCCCECCHCEECHHCHHCHHCECCHCCCHCCHCCHCEHCCCCHHCHHCEHCECCHCCEHCEHCHHCCECHCCCCEEECECCHEECCCCCCCCECCHCCHHCCHCEHCHHCCCCECCHCHHCCECCHHCCHCECCHHCCHCCCCHEEECHHCHCCHCCHCCCCCCCCCCCCHEHEHEHHCHHCCECCHHCHHCCHCCHCHHCEHCCCCEEHECCCECCECCCCHCCCCCCECHECHCCHHCHHCCHCCCCHHCCHCHCCHECCHCCCCCHCHHCHCEHCEEHCHCCCHCCCCCHCEHCEECHCCHCCECCHCCHCCHCCCCCHCECCHHCHCCHCCHHCHCCCCCHCCCCHCCHCCCHCHCCCHCHCCHCCHHCHCCCHCEEHCEEECCCECCCCECCECCECCCHCCHCHCCECCHCCCCCCHCHCCCCCHEHHCHHCCECCCHCHHCHCCECCHCCHCCHCCHECCCCHCCCHCHECCEECHHCCHCCHHCHHCHECHHCEHCCCCHCCHHCEHCHCCHHCCHCHHCCCCECCHECHCCECCCCCCECEHCHCCHCCHCCECCECCHCCHHCEHCHHCCCCCEEHHCHCCHHCHCCCCCHECHHCCCCCCCEHCHCHHCCCHCHHCCECEECECCECCHCCECCEHCHHCECCCECHHCCCCHHCECCHHCCHCCCCCECECCCHHCHCCHEHHCCHCCHCCHCCCCECCCHCCHCHHCHCCCCCHCCHCCHCCEEHCECCHCCCCCEHCEHCHCCHHCCCCEECECCHCCHCCCHCEHCCCCHCCHCCHCCHHCCCCHEEHECCCCCCHCHCCHCCEHCEHCHCCHECCECECCCHCHCCHECECCCECHCCHCCECCEHCHHCHCCHCCCCCHHCHECCHCCCCHECCHCECCECCHHCHCCHCCEHCEHCECCCCEECECCCHCHCCCHCHHCECCECECHCCHCCHHCHHCCHCECCHHCCHCHCCHCCECHCCHEHCHCCCCCHCCHCCHHCHCCCHCCCCCCCCCCCHCCECCCCECCECCECCHCCHHCHHCHHCHCCEHCECCHECCCCCCCECCHHCHHCHHCCCCHHCCCCHECEHHHEHECCCCHCHCCECCECCHECCCCHHCCECHHCCHCHCCECCHCCCCCHCCCCCHHCCCCHCCHHCCCCEHCHCCHHCCECHCCHCCHCHHECEEHEHHCHCHHECCECECHCHHEECECHHEEHCHHHHHCHCHCEHCCEHCHECEHCEEEECECHEEHEHHHCCHCEEHCEEHCECHHCECHEHECHEECHECEEHHCCHHEHEHCHCEEECHECHCEHCHEECECEHHHEHHCHHCCCHCHECCCCEHHCEHHECEEHECCHHCEEHEEHCHECEEHEEEHHHHHECHHCECHEHHHCHHHEHECHEHEEHHCH
PNX59123.1 albumin [Trifolium pratense],MAYVKHALVVVFLATFGCGSGCSCLAWGIFGGNCIDGIFKEAVKEVNNVCESDEDCIKKGSGSICAYYPNSELQHGWCFTSNVEAERYFEVLSNPAVRKFFKQITHSNEKEFMKMALDNIATT,123,HHEEHHHHEEEEHHEECECCCECEHHECEECCCEECCEEHHHEHHECCEEHCCHCEEHHCCCCEEHEECCCHHHHCEEEECCEHHHHEEHEHCCCHEHHEEHHEEHCCHHHEHHHHHCCEHEE
AAA29796.1 hemoglobin [Pseudoterranova decipiens],MHSSIVLATVLFVAIASASKTRELCMKSLEHAKVGTSKEAKQDGIDLYKHMFEHYPAMKKYFKHRENYTPADVQKDPFFIKQGQNILLACHVLCATYDDRETFDAYVGELMARHERDHVKVPNDVWNHFWEHFIEFLGSKTTLDEPTKHAWQEIGKEFSHEISHHGRHSVRDHCMNSLEYIAIGDKEHQKQNGIDLYKHMFEHYPHMRKAFKGRENFTKEDVQKDAFFVNKDTRFCWPFVCCDSSYDDEPTFDYFVDALMDRHIKDDIHLPQEQWHEFWKLFAEYLNEKSHQHLTEAEKHAWSTIGEDFAHEADKHAKAEKDHHEGEHKEEHH,333,HHCCEEHHEEHEEHEHCHCHEHHHEHHCHHHHHECECHHHHHCCECHEHHHEHHECHHHHEEHHHHCEECHCEHHCCEEEHHCHCEHHHEHEHEHEECCHHEECHEECHHHHHHHHCHEHECCCEECHEEHHEEHEHCCHEEHCHCEHHHEHHECHHECHHECHHCHHCEHCHEHCCHHEEHECCHHHHHHCCECHEHHHEHHECHHHHHEHCHHCEEHHCEHHCHEEECHCEHEEECEEEECCCECCHCEECEEECHHHCHHEHCCEHHCHHHEHHEEHHEHHEHCHHCHHHHEHHHHHHECEECHCEHHHHCHHHHHHHCHHHCHHHHHHH
CDW80881.1 alpha- [Stylonychia lemnae],MNKYTLVFAGLVALSSANLGSDCSNFNGEMGCRSGQIATNPDDWAQRSFQTSLPGDAYYKPEYEGLGRIVCYNSILYKSDKKSATVDVRCRQHASITKVEYNFNNQGFQSNNQFQVDSSFGDVLPVVVRGTDGQGQQYSITLEPLNFIWQGAPINQGPQYKGGQKGAIVEMFGWPYADIKQECAFLGKSGYMGVRVFPPQESVFSYEWPQNGELNPWYFYYQPVSYKLTGRHGSREELRDLIQTCRQAGVRVYADAVVNHMSGGGNDVWPQHRNGNGGGCATWGPKISTGQSPYYTHNFMFQDSNNTGLRPGLEFPSVPYNPTDFHCERSLSSWNDPFQLNNGWLSGLADLNTESEYVQERIASYFVDLLSIGFSGFRIDAAKHIQPKSLSAIIAKFKKNLGGGDLPADFVTWLEVIIGGEKDLLMCADGDYNFGKSFAGFMAAAGLSDNDIYKIKIWSSDYPKEFPICGWVIPSERYAIQNDCHDDQNPGSSSRDMGDKGSVLVIQKDVNRHREFEKQLFTRTDGNWQIKMVLSSYTFMNNGAMGIPDGKSDCSKCVGNQCNSCSKSVPFSQAYKADSCGYDCSEGGSWQQGVYTRVHRDPQIVQAMRQWQGLSQVNDAHSLGYTANCASHFENTFLNVMQ,642,HCHEEHEEHCHEHHCCHCHCCCECCECCHHCEHCCHEHECCCCEHHHCEHECHCCCHEEHCHEHCHCHEEEECCEHEHCCHHCHEECEHEHHHHCEEHEHECECCHCEHCCCHEHECCCECCEHCEEEHCECCHCHHECEEHHCHCEEEHCHCECHCCHEHCCHHCHEEHHECECEHCEHHHEHEHCHCCEHCEHEECCHHCEECEHECHCCHHCCEEEEEHCECEHHECHHCCHHHHHCHEHEEHHHCEHEEHCHEECHHCCCCCCEECHHHCCCCCCEHEECCHECECHCCEEEHCEHEHCCCCECHHCCHHECCECECCECEHEHHCHCCECCCEHHCCCEHCCHHCHCEHCHEEHHHEHCEEECHHCECECCEHECHHHHEHCHCHCHEEHHEHHCHCCCCHCHCEEEEHHEEECCHHCHHHEHCCCECECHCEHCEHHHHCHCCCCEEHEHEECCCECHHECEECEEECCHHEHEHCCEHCCHCCCCCCHCHCCHCCEHEEHHCECHHHHEHHHHEEHECCCEHEHHEHCCEEEHCCCHHCECCCHCCECHEECCHECCECHCECECHHEHHCCECECECHCCCEHHCEEEHEHHCCHEEHHHHHEHCHCHECCHHCHCEEHCEHCHEHCEEHCEHH
CAK9081045.1 Alpha [Durusdinium trenchii],MLVNGNALLPRADQLVRNDQLVQEHIRKKLQKQDFEQSVKAQLQTKHSHRRQKVLVVANRLPTKPKRDADGNWTFERCSGGLVSCLAGIRAKFDMVWLGWPGADFNDVEKDIVANEAMKQGCYPVFLRQNLIDEYYNGFANNVLWPLFHYIMPPFDKGVNECSTGQWEAYRKANEIFTEAILSVYEDDDYVWIHDYHLMLVPKFLREAKPDCNIGWFLHTPFPSAEIYRTLPWRQEIIESLLHANLLGFHVYDYLRHFLSSCVQLTSLEISAHSVDATSIGGCIVTCATVPIGISPDEFLTGLQKPEVKQQIEQLHEQYAGRKVILGIDRLDYMKGIPHKLMSFGRFLENHPDWADKCVLVQLAVPSRRDVPEYQRLQRQVHELVGQISGKHSSIATGVPVIYMDSSMSPDDLSALYNVADVALITSLRDGMNLVSYEYIACQHGKTVPGVLILSEFAGAAQSLGAGSIRVNPWHLQDTAHAIYEALMMGSEEREALHDYAFKYVSEHTAQKWAETFLQCLQEACSDLMEVTSQVPPLLPYEEFLSDWSESVQRLIIIDLLECLAPARERMNLHSRGRPKFIRLPPGLWQCLKTIASSPGTSVIITSDRDRQTLAAVTEDLPVYLAPEGCCIMRRPGETEEWIHLVEDSDVEGREEWMDGVNAVFNYFAERTPGSYIEKQEYMYRWSWDNAQFDFGSAQAREVLIHLWAGPLVNSEAEVVVGDRAITVRPHACSRGACLEKLLSNELNGLQQVDFALCFAVVSHRDEDVFETVEAFFEESMASDFGYASAGDGDATASGLATGLMSLCSSPRSSADGRAGSSVLQTPTGPAPEVQPGEEPPPYDWVPTAQREREEQQRQESDLPAVSAPDGDAQPHRQLSGDLEEEKTPSASADWNDLRRYASCYTMSLGMKKTKAQYALPHPYHVQNLIRAMAARLPQV,940,HHECCCHHHCHHCHHEHCCHHEHHHEHHHHHHHCEHHCEHHHHHEHHCHHHHHEHEEHCHHCEHCHHCHCCCEEEHHECCCHECEHHCEHHHECHEEHCECCHCECCEHHCEEHCHHHHHCEECEEHHHCHECHEECCEHCCEHECHEHEEHCCECHCECHECECHEHHEHHHCHEEEHHEHCEEHCCCEEEEHCEHHHHECHEHHHHHCCECECEEHHECECCHHEEHEHCEHHHEEHCHHHHCHHCEHEECEHHHEHCCEEHHECHHECHHCECHECECCEEEEEHEECECECCCHEHECHHHCHEHHHEHHHHHHEHCHHEEHCECHHCEHHCECHHHHCECHEHHCHCCEHCHEEHEHHHECCHHCECHEHHHHHHEHHHECHECCHHCCEHECECEEEHCCCHCCCCHCHHECEHCEHHEECHHCCHCHECEHEEHEHHCHEECCEHEHCHEHCHHHCHCHCCEHECCEHHHCEHHHEEHHHHHCCHHHHHHHCEHEHEECHHEHHHEHHEEHHEHHHHECCHHHEECHECCHHCEHHEHCCECHCEHHHEEECHHHEHHCHHHHHCHHCHCHCHEEHHCCCHEHEHHEEHCCCCECEEEECCHCHHEHHHEEHCHCEEHHCHCEEEHHHCCHEHHEEHHEHCCCEHCHHHEHCCECHEECEEHHHECCCEEHHHHEHEHECECCHHECECCHHHHHEHEHHEHCCHECCHHHEEECCHHEEEHCHHECHCHEHHHHHCCHHCCHHHECEHHEEHEECHHCHCEEHEEHHEEHHCHHCCECEHCHCCCCHEHCCHHECHHCHECCCHCCHCCHHCCCEHHECECCHCHEHCCHHCCCECEECEHHHHHHHHHHHHCCHCHECHCCCCHHCHHHHCCCHHHHHECCHCHCECCHHHEHCEEEHCHCHHHEHHHEHHCHCEHEHCHEHHHHHHHCHE
AAA40590.1 insulin [Octodon degus],MAPWMHLLTVLALLALWGPNSVQAYSSQHLCGSNLVEALYMTCGRSGFYRPHDRRELEDLQVEQAELGLEAGGLQPSALEMILQKRGIVDQCCNNICTFNQLQNYCNVP,109,HHCEHHHHEEHHHHHHECCCCEHHECCHHHECCCHEHHHEHEECHCCEEHCHCHHHHHCHHEHHHHHCHHHCCHHCCHHHHEHHHHCEECHEECCEEEECHHHCEECEC
